-- 0 +/- SELECT COUNT(*) FROM PUBLIC.CLOSEPOLICY;
CREATE CACHED TABLE PUBLIC.JBPM4_DEPLOYMENT(
    DBID_ BIGINT NOT NULL,
    NAME_ LONGVARCHAR,
    TIMESTAMP_ BIGINT,
    STATE_ VARCHAR(255)
);
ALTER TABLE PUBLIC.JBPM4_DEPLOYMENT ADD CONSTRAINT PUBLIC.CONSTRAINT_1 PRIMARY KEY(DBID_);
-- 1 +/- SELECT COUNT(*) FROM PUBLIC.JBPM4_DEPLOYMENT;
INSERT INTO PUBLIC.JBPM4_DEPLOYMENT(DBID_, NAME_, TIMESTAMP_, STATE_) VALUES
(520030, NULL, 0, 'active');
CREATE CACHED TABLE PUBLIC.JBPM4_DEPLOYPROP(
    DBID_ BIGINT NOT NULL SELECTIVITY 100,
    DEPLOYMENT_ BIGINT SELECTIVITY 33,
    OBJNAME_ VARCHAR(255) SELECTIVITY 33,
    KEY_ VARCHAR(255) SELECTIVITY 100,
    STRINGVAL_ VARCHAR(255) SELECTIVITY 100,
    LONGVAL_ BIGINT SELECTIVITY 66
);
ALTER TABLE PUBLIC.JBPM4_DEPLOYPROP ADD CONSTRAINT PUBLIC.CONSTRAINT_12 PRIMARY KEY(DBID_);
-- 4 +/- SELECT COUNT(*) FROM PUBLIC.JBPM4_DEPLOYPROP;
INSERT INTO PUBLIC.JBPM4_DEPLOYPROP(DBID_, DEPLOYMENT_, OBJNAME_, KEY_, STRINGVAL_, LONGVAL_) VALUES
(520032, 520030, 'draw', 'langid', 'jpdl-4.4', NULL),
(520033, 520030, 'draw', 'pdid', 'draw_key-1', NULL),
(520034, 520030, 'draw', 'pdkey', 'draw_key', NULL),
(520035, 520030, 'draw', 'pdversion', NULL, 1);
CREATE INDEX PUBLIC.IDX_DEPLPROP_DEPL ON PUBLIC.JBPM4_DEPLOYPROP(DEPLOYMENT_);
CREATE CACHED TABLE PUBLIC.JBPM4_EXECUTION(
    DBID_ BIGINT NOT NULL,
    CLASS_ VARCHAR(255) NOT NULL,
    DBVERSION_ INTEGER NOT NULL,
    ACTIVITYNAME_ VARCHAR(255),
    PROCDEFID_ VARCHAR(255),
    HASVARS_ BIT,
    NAME_ VARCHAR(255),
    KEY_ VARCHAR(255),
    ID_ VARCHAR(255),
    STATE_ VARCHAR(255),
    SUSPHISTSTATE_ VARCHAR(255),
    PRIORITY_ INTEGER,
    HISACTINST_ BIGINT,
    PARENT_ BIGINT,
    INSTANCE_ BIGINT,
    SUPEREXEC_ BIGINT,
    SUBPROCINST_ BIGINT,
    PARENT_IDX_ INTEGER
);
ALTER TABLE PUBLIC.JBPM4_EXECUTION ADD CONSTRAINT PUBLIC.CONSTRAINT_5 PRIMARY KEY(DBID_);
-- 3 +/- SELECT COUNT(*) FROM PUBLIC.JBPM4_EXECUTION;
INSERT INTO PUBLIC.JBPM4_EXECUTION(DBID_, CLASS_, DBVERSION_, ACTIVITYNAME_, PROCDEFID_, HASVARS_, NAME_, KEY_, ID_, STATE_, SUSPHISTSTATE_, PRIORITY_, HISACTINST_, PARENT_, INSTANCE_, SUPEREXEC_, SUBPROCINST_, PARENT_IDX_) VALUES
(520036, 'pvm', 2, STRINGDECODE('\u4f18\u8d28'), 'draw_key-1', TRUE, NULL, NULL, 'draw_key.520036', 'active-root', NULL, 0, 520050, NULL, 520036, NULL, NULL, NULL),
(520040, 'pvm', 2, STRINGDECODE(' \u4e0d\u5408\u683c'), 'draw_key-1', TRUE, NULL, NULL, 'draw_key.520040', 'active-root', NULL, 0, 520056, NULL, 520040, NULL, NULL, NULL),
(520044, 'pvm', 2, STRINGDECODE(' \u4e00\u822c'), 'draw_key-1', TRUE, NULL, NULL, 'draw_key.520044', 'active-root', NULL, 0, 520053, NULL, 520044, NULL, NULL, NULL);
CREATE INDEX PUBLIC.IDX_EXEC_SUBPI ON PUBLIC.JBPM4_EXECUTION(SUBPROCINST_);
CREATE INDEX PUBLIC.IDX_EXEC_PARENT ON PUBLIC.JBPM4_EXECUTION(PARENT_);
CREATE INDEX PUBLIC.IDX_EXEC_SUPEREXEC ON PUBLIC.JBPM4_EXECUTION(SUPEREXEC_);
CREATE INDEX PUBLIC.IDX_EXEC_INSTANCE ON PUBLIC.JBPM4_EXECUTION(INSTANCE_);
CREATE CACHED TABLE PUBLIC.JBPM4_HIST_ACTINST(
    DBID_ BIGINT NOT NULL,
    CLASS_ VARCHAR(255) NOT NULL,
    DBVERSION_ INTEGER NOT NULL,
    HPROCI_ BIGINT,
    TYPE_ VARCHAR(255),
    EXECUTION_ VARCHAR(255),
    ACTIVITY_NAME_ VARCHAR(255),
    START_ TIMESTAMP,
    END_ TIMESTAMP,
    DURATION_ BIGINT,
    TRANSITION_ VARCHAR(255),
    NEXTIDX_ INTEGER,
    HTASK_ BIGINT
);
ALTER TABLE PUBLIC.JBPM4_HIST_ACTINST ADD CONSTRAINT PUBLIC.CONSTRAINT_7 PRIMARY KEY(DBID_);
-- 9 +/- SELECT COUNT(*) FROM PUBLIC.JBPM4_HIST_ACTINST;
INSERT INTO PUBLIC.JBPM4_HIST_ACTINST(DBID_, CLASS_, DBVERSION_, HPROCI_, TYPE_, EXECUTION_, ACTIVITY_NAME_, START_, END_, DURATION_, TRANSITION_, NEXTIDX_, HTASK_) VALUES
(520039, 'task', 1, 520036, 'task', 'draw_key.520036', STRINGDECODE('\u51c6\u5907\u5206\u62e3'), TIMESTAMP '2016-03-14 15:01:24.062', TIMESTAMP '2016-03-14 15:02:20.634', 56572, 'jbpm_no_task_outcome_specified_jbpm', 1, 520038),
(520043, 'task', 1, 520040, 'task', 'draw_key.520040', STRINGDECODE('\u51c6\u5907\u5206\u62e3'), TIMESTAMP '2016-03-14 15:02:08.799', TIMESTAMP '2016-03-14 15:02:59.72', 50921, 'jbpm_no_task_outcome_specified_jbpm', 1, 520042),
(520047, 'task', 1, 520044, 'task', 'draw_key.520044', STRINGDECODE('\u51c6\u5907\u5206\u62e3'), TIMESTAMP '2016-03-14 15:02:09.914', TIMESTAMP '2016-03-14 15:02:34.512', 24598, 'jbpm_no_task_outcome_specified_jbpm', 1, 520046),
(520048, 'excl', 0, 520036, 'decision', 'draw_key.520036', 'exclusive1', TIMESTAMP '2016-03-14 15:02:20.645', TIMESTAMP '2016-03-14 15:02:20.648', 3, 'to a good', 1, NULL),
(520050, 'task', 0, 520036, 'task', 'draw_key.520036', STRINGDECODE('\u4f18\u8d28'), TIMESTAMP '2016-03-14 15:02:20.648', NULL, 0, NULL, 1, 520049),
(520051, 'excl', 0, 520044, 'decision', 'draw_key.520044', 'exclusive1', TIMESTAMP '2016-03-14 15:02:34.52', TIMESTAMP '2016-03-14 15:02:34.522', 2, 'to d bad', 1, NULL),
(520053, 'task', 0, 520044, 'task', 'draw_key.520044', STRINGDECODE(' \u4e00\u822c'), TIMESTAMP '2016-03-14 15:02:34.522', NULL, 0, NULL, 1, 520052),
(520054, 'excl', 0, 520040, 'decision', 'draw_key.520040', 'exclusive1', TIMESTAMP '2016-03-14 15:02:59.729', TIMESTAMP '2016-03-14 15:02:59.732', 3, 'to g giveup', 1, NULL),
(520056, 'task', 0, 520040, 'task', 'draw_key.520040', STRINGDECODE(' \u4e0d\u5408\u683c'), TIMESTAMP '2016-03-14 15:02:59.732', NULL, 0, NULL, 1, 520055);
CREATE INDEX PUBLIC.IDX_HTI_HTASK ON PUBLIC.JBPM4_HIST_ACTINST(HTASK_);
CREATE INDEX PUBLIC.IDX_HACTI_HPROCI ON PUBLIC.JBPM4_HIST_ACTINST(HPROCI_);
CREATE CACHED TABLE PUBLIC.JBPM4_HIST_DETAIL(
    DBID_ BIGINT NOT NULL,
    CLASS_ VARCHAR(255) NOT NULL,
    DBVERSION_ INTEGER NOT NULL,
    USERID_ VARCHAR(255),
    TIME_ TIMESTAMP,
    HPROCI_ BIGINT,
    HPROCIIDX_ INTEGER,
    HACTI_ BIGINT,
    HACTIIDX_ INTEGER,
    HTASK_ BIGINT,
    HTASKIDX_ INTEGER,
    HVAR_ BIGINT,
    HVARIDX_ INTEGER,
    MESSAGE_ LONGVARCHAR,
    OLD_STR_ VARCHAR(255),
    NEW_STR_ VARCHAR(255),
    OLD_INT_ INTEGER,
    NEW_INT_ INTEGER,
    OLD_TIME_ TIMESTAMP,
    NEW_TIME_ TIMESTAMP,
    PARENT_ BIGINT,
    PARENT_IDX_ INTEGER
);
ALTER TABLE PUBLIC.JBPM4_HIST_DETAIL ADD CONSTRAINT PUBLIC.CONSTRAINT_9 PRIMARY KEY(DBID_);
-- 0 +/- SELECT COUNT(*) FROM PUBLIC.JBPM4_HIST_DETAIL;
CREATE INDEX PUBLIC.IDX_HDET_HVAR ON PUBLIC.JBPM4_HIST_DETAIL(HVAR_);
CREATE INDEX PUBLIC.IDX_HDET_HACTI ON PUBLIC.JBPM4_HIST_DETAIL(HACTI_);
CREATE INDEX PUBLIC.IDX_HDET_HTASK ON PUBLIC.JBPM4_HIST_DETAIL(HTASK_);
CREATE INDEX PUBLIC.IDX_HDET_HPROCI ON PUBLIC.JBPM4_HIST_DETAIL(HPROCI_);
CREATE CACHED TABLE PUBLIC.JBPM4_HIST_PROCINST(
    DBID_ BIGINT NOT NULL,
    DBVERSION_ INTEGER NOT NULL,
    ID_ VARCHAR(255),
    PROCDEFID_ VARCHAR(255),
    KEY_ VARCHAR(255),
    START_ TIMESTAMP,
    END_ TIMESTAMP,
    DURATION_ BIGINT,
    STATE_ VARCHAR(255),
    ENDACTIVITY_ VARCHAR(255),
    NEXTIDX_ INTEGER
);
ALTER TABLE PUBLIC.JBPM4_HIST_PROCINST ADD CONSTRAINT PUBLIC.CONSTRAINT_E PRIMARY KEY(DBID_);
-- 3 +/- SELECT COUNT(*) FROM PUBLIC.JBPM4_HIST_PROCINST;
INSERT INTO PUBLIC.JBPM4_HIST_PROCINST(DBID_, DBVERSION_, ID_, PROCDEFID_, KEY_, START_, END_, DURATION_, STATE_, ENDACTIVITY_, NEXTIDX_) VALUES
(520036, 0, 'draw_key.520036', 'draw_key-1', NULL, TIMESTAMP '2016-03-14 15:01:24.062', NULL, NULL, 'active', NULL, 1),
(520040, 0, 'draw_key.520040', 'draw_key-1', NULL, TIMESTAMP '2016-03-14 15:02:08.799', NULL, NULL, 'active', NULL, 1),
(520044, 0, 'draw_key.520044', 'draw_key-1', NULL, TIMESTAMP '2016-03-14 15:02:09.914', NULL, NULL, 'active', NULL, 1);
CREATE CACHED TABLE PUBLIC.JBPM4_HIST_TASK(
    DBID_ BIGINT NOT NULL,
    DBVERSION_ INTEGER NOT NULL,
    EXECUTION_ VARCHAR(255),
    OUTCOME_ VARCHAR(255),
    ASSIGNEE_ VARCHAR(255),
    PRIORITY_ INTEGER,
    STATE_ VARCHAR(255),
    CREATE_ TIMESTAMP,
    END_ TIMESTAMP,
    DURATION_ BIGINT,
    NEXTIDX_ INTEGER,
    SUPERTASK_ BIGINT
);
ALTER TABLE PUBLIC.JBPM4_HIST_TASK ADD CONSTRAINT PUBLIC.CONSTRAINT_18 PRIMARY KEY(DBID_);
-- 6 +/- SELECT COUNT(*) FROM PUBLIC.JBPM4_HIST_TASK;
INSERT INTO PUBLIC.JBPM4_HIST_TASK(DBID_, DBVERSION_, EXECUTION_, OUTCOME_, ASSIGNEE_, PRIORITY_, STATE_, CREATE_, END_, DURATION_, NEXTIDX_, SUPERTASK_) VALUES
(520038, 1, 'draw_key.520036', 'jbpm_no_task_outcome_specified_jbpm', 'chenyb', 0, 'completed', TIMESTAMP '2016-03-14 15:01:24.062', TIMESTAMP '2016-03-14 15:02:20.636', 56574, 1, NULL),
(520042, 1, 'draw_key.520040', 'jbpm_no_task_outcome_specified_jbpm', 'chenyb', 0, 'completed', TIMESTAMP '2016-03-14 15:02:08.8', TIMESTAMP '2016-03-14 15:02:59.721', 50921, 1, NULL),
(520046, 1, 'draw_key.520044', 'jbpm_no_task_outcome_specified_jbpm', 'chenyb', 0, 'completed', TIMESTAMP '2016-03-14 15:02:09.915', TIMESTAMP '2016-03-14 15:02:34.513', 24598, 1, NULL),
(520049, 0, 'draw_key.520036', NULL, 'chenyb', 0, NULL, TIMESTAMP '2016-03-14 15:02:20.648', NULL, 0, 1, NULL),
(520052, 0, 'draw_key.520044', NULL, 'chenyb', 0, NULL, TIMESTAMP '2016-03-14 15:02:34.522', NULL, 0, 1, NULL),
(520055, 0, 'draw_key.520040', NULL, 'chenyb', 0, NULL, TIMESTAMP '2016-03-14 15:02:59.732', NULL, 0, 1, NULL);
CREATE INDEX PUBLIC.IDX_HSUPERT_SUB ON PUBLIC.JBPM4_HIST_TASK(SUPERTASK_);
CREATE CACHED TABLE PUBLIC.JBPM4_HIST_VAR(
    DBID_ BIGINT NOT NULL,
    DBVERSION_ INTEGER NOT NULL,
    PROCINSTID_ VARCHAR(255),
    EXECUTIONID_ VARCHAR(255),
    VARNAME_ VARCHAR(255),
    VALUE_ VARCHAR(255),
    HPROCI_ BIGINT,
    HTASK_ BIGINT
);
ALTER TABLE PUBLIC.JBPM4_HIST_VAR ADD CONSTRAINT PUBLIC.CONSTRAINT_7B PRIMARY KEY(DBID_);
-- 0 +/- SELECT COUNT(*) FROM PUBLIC.JBPM4_HIST_VAR;
CREATE INDEX PUBLIC.IDX_HVAR_HTASK ON PUBLIC.JBPM4_HIST_VAR(HTASK_);
CREATE INDEX PUBLIC.IDX_HVAR_HPROCI ON PUBLIC.JBPM4_HIST_VAR(HPROCI_);
CREATE CACHED TABLE PUBLIC.JBPM4_ID_GROUP(
    DBID_ BIGINT NOT NULL,
    DBVERSION_ INTEGER NOT NULL,
    ID_ VARCHAR(255),
    NAME_ VARCHAR(255),
    TYPE_ VARCHAR(255),
    PARENT_ BIGINT
);
ALTER TABLE PUBLIC.JBPM4_ID_GROUP ADD CONSTRAINT PUBLIC.CONSTRAINT_EF PRIMARY KEY(DBID_);
-- 0 +/- SELECT COUNT(*) FROM PUBLIC.JBPM4_ID_GROUP;
CREATE INDEX PUBLIC.IDX_GROUP_PARENT ON PUBLIC.JBPM4_ID_GROUP(PARENT_);
CREATE CACHED TABLE PUBLIC.JBPM4_ID_MEMBERSHIP(
    DBID_ BIGINT NOT NULL,
    DBVERSION_ INTEGER NOT NULL,
    USER_ BIGINT,
    GROUP_ BIGINT,
    NAME_ VARCHAR(255)
);
ALTER TABLE PUBLIC.JBPM4_ID_MEMBERSHIP ADD CONSTRAINT PUBLIC.CONSTRAINT_5D PRIMARY KEY(DBID_);
-- 0 +/- SELECT COUNT(*) FROM PUBLIC.JBPM4_ID_MEMBERSHIP;
CREATE INDEX PUBLIC.IDX_MEM_GROUP ON PUBLIC.JBPM4_ID_MEMBERSHIP(GROUP_);
CREATE INDEX PUBLIC.IDX_MEM_USER ON PUBLIC.JBPM4_ID_MEMBERSHIP(USER_);
CREATE CACHED TABLE PUBLIC.JBPM4_ID_USER(
    DBID_ BIGINT NOT NULL,
    DBVERSION_ INTEGER NOT NULL,
    ID_ VARCHAR(255),
    PASSWORD_ VARCHAR(255),
    GIVENNAME_ VARCHAR(255),
    FAMILYNAME_ VARCHAR(255),
    BUSINESSEMAIL_ VARCHAR(255)
);
ALTER TABLE PUBLIC.JBPM4_ID_USER ADD CONSTRAINT PUBLIC.CONSTRAINT_28 PRIMARY KEY(DBID_);
-- 0 +/- SELECT COUNT(*) FROM PUBLIC.JBPM4_ID_USER;
CREATE CACHED TABLE PUBLIC.JBPM4_JOB(
    DBID_ BIGINT NOT NULL,
    CLASS_ VARCHAR(255) NOT NULL,
    DBVERSION_ INTEGER NOT NULL,
    DUEDATE_ TIMESTAMP,
    STATE_ VARCHAR(255),
    ISEXCLUSIVE_ BIT,
    LOCKOWNER_ VARCHAR(255),
    LOCKEXPTIME_ TIMESTAMP,
    EXCEPTION_ LONGVARCHAR,
    RETRIES_ INTEGER,
    PROCESSINSTANCE_ BIGINT,
    EXECUTION_ BIGINT,
    CFG_ BIGINT,
    SIGNAL_ VARCHAR(255),
    EVENT_ VARCHAR(255),
    REPEAT_ VARCHAR(255)
);
ALTER TABLE PUBLIC.JBPM4_JOB ADD CONSTRAINT PUBLIC.CONSTRAINT_B PRIMARY KEY(DBID_);
-- 0 +/- SELECT COUNT(*) FROM PUBLIC.JBPM4_JOB;
CREATE INDEX PUBLIC.IDX_JOBRETRIES ON PUBLIC.JBPM4_JOB(RETRIES_);
CREATE INDEX PUBLIC.IDX_JOBDUEDATE ON PUBLIC.JBPM4_JOB(DUEDATE_);
CREATE INDEX PUBLIC.IDX_JOBLOCKEXP ON PUBLIC.JBPM4_JOB(LOCKEXPTIME_);
CREATE INDEX PUBLIC.IDX_JOB_CFG ON PUBLIC.JBPM4_JOB(CFG_);
CREATE INDEX PUBLIC.IDX_JOB_EXE ON PUBLIC.JBPM4_JOB(EXECUTION_);
CREATE INDEX PUBLIC.IDX_JOB_PRINST ON PUBLIC.JBPM4_JOB(PROCESSINSTANCE_);
CREATE CACHED TABLE PUBLIC.JBPM4_LOB(
    DBID_ BIGINT NOT NULL,
    DBVERSION_ INTEGER NOT NULL,
    BLOB_VALUE_ LONGVARBINARY,
    DEPLOYMENT_ BIGINT,
    NAME_ LONGVARCHAR
);
ALTER TABLE PUBLIC.JBPM4_LOB ADD CONSTRAINT PUBLIC.CONSTRAINT_B2 PRIMARY KEY(DBID_);
-- 1 +/- SELECT COUNT(*) FROM PUBLIC.JBPM4_LOB;
INSERT INTO PUBLIC.JBPM4_LOB(DBID_, DBVERSION_, BLOB_VALUE_, DEPLOYMENT_, NAME_) VALUES
(520031, 0, X'3c3f786d6c2076657273696f6e3d22312e302220656e636f64696e673d225554462d38223f3e0a0a3c70726f63657373206b65793d22647261775f6b657922206e616d653d22647261772220786d6c6e733d22687474703a2f2f6a62706d2e6f72672f342e342f6a70646c223e0d0a0d0a202020203c737461727420673d2238382c3534352c38302c343022206e616d653d227374617274223e0d0a2020202020203c7472616e736974696f6e20673d222d37392c2d323222206e616d653d22746f206578636c7573697665312220746f3d22e58786e5a487e58886e68ba3222f3e0d0a202020203c2f73746172743e0d0a0d0a202020203c656e6420673d22313131352c3532352c38302c343022206e616d653d22656e64222f3e0d0a2020203c7461736b2061737369676e65653d226368656e79622220673d223634302c32352c39322c353222206e616d653d22e4bc98e8b4a8223e0d0a2020202020203c7472616e736974696f6e20746f3d22e5868de58aa0e5b7a5222f3e0d0a2020203c2f7461736b3e0d0a2020203c7461736b2061737369676e65653d226368656e79622220673d223931332c31322c39332c353122206e616d653d22e5868de58aa0e5b7a5223e0d0a2020202020203c7472616e736974696f6e20746f3d22e8a385e7aeb1222f3e0d0a2020203c2f7461736b3e0d0a2020203c7461736b2061737369676e65653d226368656e79622220673d22313130342c36352c35352c353722206e616d653d22e8a385e7aeb1223e0d0a2020202020203c7472616e736974696f6e20746f3d22656e64222f3e0d0a2020203c2f7461736b3e0d0a2020203c6465636973696f6e20673d2236332c32362c36362c343922206e616d653d226578636c757369766531223e0d0a2020202020203c7472616e736974696f6e20673d223231372c35323a2d32382c2d323222206e616d653d22746f206120676f6f642220746f3d22e4bc98e8b4a8223e0d0a20202020202020203c636f6e646974696f6e20657870723d22237b636f6e74656e743d3d27676f6f64277d222f3e0d0a2020202020203c2f7472616e736974696f6e3e0d0a2020202020203c7472616e736974696f6e20673d222d32392c2d323222206e616d653d22746f2064206261642220746f3d2220e4b880e888ac223e0d0a2020202020203c636f6e646974696f6e20657870723d22237b636f6e74656e743d3d27626164277d222f3e0d0a2020202020203c2f7472616e736974696f6e3e0d0a2020202020203c7472616e736974696f6e20673d222d32392c2d323222206e616d653d22746f2067206769766575702220746f3d2220e4b88de59088e6a0bc223e0d0a202020202020203c636f6e646974696f6e20657870723d22237b636f6e74656e743d3d27676976657570277d222f3e0d0a2020202020203c2f7472616e736974696f6e3e0d0a2020203c2f6465636973696f6e3e0d0a2020203c7461736b2061737369676e65653d226368656e79622220673d223436322c3135342c39362c343922206e616d653d2220e4b880e888ac223e0d0a2020202020203c7472616e736974696f6e20673d222d33352c2d3822206e616d653d22746f206578636c7573697665322220746f3d226578636c757369766532222f3e0d0a2020203c2f7461736b3e0d0a2020203c7461736b2061737369676e65653d226368656e79622220673d223832312c3337372c38322c353222206e616d653d22e9878de696b0e588b6e4bd9c223e0d0a2020202020203c7472616e736974696f6e20673d222d37392c2d323222206e616d653d22746f206578636c7573697665332220746f3d226578636c757369766533222f3e0d0a2020203c2f7461736b3e0d0a2020203c7461736b2061737369676e65653d226368656e79622220673d223935372c3238332c36362c353422206e616d653d22e7b2bee58aa0e5b7a5223e0d0a2020202020203c7472616e736974696f6e20673d222d34332c2d323222206e616d653d22746f20656e642220746f3d22656e64222f3e0d0a2020203c2f7461736b3e0d0a2020203c7461736b2061737369676e65653d226368656e79622220673d223239372c3237312c37362c353222206e616d653d2220e4b88de59088e6a0bc223e0d0a2020202020203c7472616e736974696f6e20673d222d32382c2d323222206e616d653d22746f20652220746f3d22e9878de696b0e588b6e4bd9c222f3e0d0a2020203c2f7461736b3e0d0a2020203c6465636973696f6e20673d223735302c3136372c33352c323822206e616d653d226578636c757369766532223e0d0a2020202020203c7472616e736974696f6e20673d222d32352c2d323222206e616d653d22746f206620662220746f3d22e7b2bee58aa0e5b7a5223e0d0a202020202020203c636f6e646974696f6e20657870723d22237b636f6e74656e743d3d2766277d222f3e0d0a2020202020203c2f7472616e736974696f6e3e0d0a2020202020203c7472616e736974696f6e20673d222d32392c2d323222206e616d653d22746f206220622220746f3d22e5868de58aa0e5b7a5223e0d0a202020202020203c636f6e646974696f6e20657870723d22237b636f6e74656e743d3d2762277d222f3e0d0a2020202020203c2f7472616e736974696f6e3e0d0a2020202020203c7472616e736974696f6e20673d222d32382c2d323222206e616d653d22746f206520652220746f3d22e9878de696b0e588b6e4bd9c223e0d0a20202020202020203c636f6e646974696f6e20657870723d22237b636f6e74656e743d3d2765277d222f3e0d0a2020202020203c2f7472616e736974696f6e3e0d0a2020203c2f6465636973696f6e3e0d0a2020203c7461736b2061737369676e65653d226368656e79622220673d223238392c3339302c39332c353722206e616d653d22e58786e5a487e58886e68ba3223e0d0a2020202020203c7472616e736974696f6e20673d222d37392c2d323222206e616d653d22746f206578636c7573697665312220746f3d226578636c757369766531222f3e0d0a2020203c2f7461736b3e0d0a2020203c6465636973696f6e20673d223737352c3532332c3130342c3822206e616d653d226578636c757369766533223e0d0a2020202020203c7472616e736974696f6e20673d222d34332c2d323222206e616d653d22746f20656e64207965732220746f3d22656e64223e0d0a202020202020203c636f6e646974696f6e20657870723d22237b636f6e74656e743d3d27796573277d222f3e0d0a2020202020203c2f7472616e736974696f6e3e0d0a2020202020203c7472616e736974696f6e20673d222d32372c2d323222206e616d653d22746f207a206e6f2220746f3d22e58786e5a487e58886e68ba3223e0d0a202020202020203c636f6e646974696f6e20657870723d22237b636f6e74656e743d3d276e6f277d222f3e0d0a2020202020203c2f7472616e736974696f6e3e0d0a2020203c2f6465636973696f6e3e0d0a0d0a3c2f70726f636573733e', 520030, 'D:\apache-tomcat-7.0.52\webapps\EStockSvn\jbpm\process.jpdl.xml');
CREATE INDEX PUBLIC.IDX_LOB_DEPLOYMENT ON PUBLIC.JBPM4_LOB(DEPLOYMENT_);
CREATE CACHED TABLE PUBLIC.JBPM4_PARTICIPATION(
    DBID_ BIGINT NOT NULL,
    DBVERSION_ INTEGER NOT NULL,
    GROUPID_ VARCHAR(255),
    USERID_ VARCHAR(255),
    TYPE_ VARCHAR(255),
    TASK_ BIGINT,
    SWIMLANE_ BIGINT
);
ALTER TABLE PUBLIC.JBPM4_PARTICIPATION ADD CONSTRAINT PUBLIC.CONSTRAINT_B0 PRIMARY KEY(DBID_);
-- 0 +/- SELECT COUNT(*) FROM PUBLIC.JBPM4_PARTICIPATION;
CREATE INDEX PUBLIC.IDX_PART_TASK ON PUBLIC.JBPM4_PARTICIPATION(TASK_);
CREATE CACHED TABLE PUBLIC.JBPM4_PROPERTY(
    KEY_ VARCHAR(255) NOT NULL,
    VERSION_ INTEGER NOT NULL,
    VALUE_ VARCHAR(255)
);
ALTER TABLE PUBLIC.JBPM4_PROPERTY ADD CONSTRAINT PUBLIC.CONSTRAINT_8 PRIMARY KEY(KEY_);
-- 1 +/- SELECT COUNT(*) FROM PUBLIC.JBPM4_PROPERTY;
INSERT INTO PUBLIC.JBPM4_PROPERTY(KEY_, VERSION_, VALUE_) VALUES
('next.dbid', 53, '530001');
CREATE CACHED TABLE PUBLIC.JBPM4_SWIMLANE(
    DBID_ BIGINT NOT NULL,
    DBVERSION_ INTEGER NOT NULL,
    NAME_ VARCHAR(255),
    ASSIGNEE_ VARCHAR(255),
    EXECUTION_ BIGINT
);
ALTER TABLE PUBLIC.JBPM4_SWIMLANE ADD CONSTRAINT PUBLIC.CONSTRAINT_C PRIMARY KEY(DBID_);
-- 0 +/- SELECT COUNT(*) FROM PUBLIC.JBPM4_SWIMLANE;
CREATE INDEX PUBLIC.IDX_SWIMLANE_EXEC ON PUBLIC.JBPM4_SWIMLANE(EXECUTION_);
CREATE CACHED TABLE PUBLIC.JBPM4_TASK(
    DBID_ BIGINT NOT NULL,
    CLASS_ CHAR(1) NOT NULL,
    DBVERSION_ INTEGER NOT NULL,
    NAME_ VARCHAR(255),
    DESCR_ LONGVARCHAR,
    STATE_ VARCHAR(255),
    SUSPHISTSTATE_ VARCHAR(255),
    ASSIGNEE_ VARCHAR(255),
    FORM_ VARCHAR(255),
    PRIORITY_ INTEGER,
    CREATE_ TIMESTAMP,
    DUEDATE_ TIMESTAMP,
    PROGRESS_ INTEGER,
    SIGNALLING_ BIT,
    EXECUTION_ID_ VARCHAR(255),
    ACTIVITY_NAME_ VARCHAR(255),
    HASVARS_ BIT,
    SUPERTASK_ BIGINT,
    EXECUTION_ BIGINT,
    PROCINST_ BIGINT,
    SWIMLANE_ BIGINT,
    TASKDEFNAME_ VARCHAR(255)
);
ALTER TABLE PUBLIC.JBPM4_TASK ADD CONSTRAINT PUBLIC.CONSTRAINT_94 PRIMARY KEY(DBID_);
-- 3 +/- SELECT COUNT(*) FROM PUBLIC.JBPM4_TASK;
INSERT INTO PUBLIC.JBPM4_TASK(DBID_, CLASS_, DBVERSION_, NAME_, DESCR_, STATE_, SUSPHISTSTATE_, ASSIGNEE_, FORM_, PRIORITY_, CREATE_, DUEDATE_, PROGRESS_, SIGNALLING_, EXECUTION_ID_, ACTIVITY_NAME_, HASVARS_, SUPERTASK_, EXECUTION_, PROCINST_, SWIMLANE_, TASKDEFNAME_) VALUES
(520049, 'T', 1, STRINGDECODE('\u4f18\u8d28'), NULL, 'open', NULL, 'chenyb', NULL, 0, TIMESTAMP '2016-03-14 15:02:20.648', NULL, NULL, TRUE, 'draw_key.520036', STRINGDECODE('\u4f18\u8d28'), FALSE, NULL, 520036, 520036, NULL, STRINGDECODE('\u4f18\u8d28')),
(520052, 'T', 1, STRINGDECODE(' \u4e00\u822c'), NULL, 'open', NULL, 'chenyb', NULL, 0, TIMESTAMP '2016-03-14 15:02:34.522', NULL, NULL, TRUE, 'draw_key.520044', STRINGDECODE(' \u4e00\u822c'), FALSE, NULL, 520044, 520044, NULL, STRINGDECODE(' \u4e00\u822c')),
(520055, 'T', 1, STRINGDECODE(' \u4e0d\u5408\u683c'), NULL, 'open', NULL, 'chenyb', NULL, 0, TIMESTAMP '2016-03-14 15:02:59.732', NULL, NULL, TRUE, 'draw_key.520040', STRINGDECODE(' \u4e0d\u5408\u683c'), FALSE, NULL, 520040, 520040, NULL, STRINGDECODE(' \u4e0d\u5408\u683c'));
CREATE INDEX PUBLIC.IDX_TASK_SUPERTASK ON PUBLIC.JBPM4_TASK(SUPERTASK_);
CREATE CACHED TABLE PUBLIC.JBPM4_VARIABLE(
    DBID_ BIGINT NOT NULL,
    CLASS_ VARCHAR(255) NOT NULL,
    DBVERSION_ INTEGER NOT NULL,
    KEY_ VARCHAR(255),
    CONVERTER_ VARCHAR(255),
    HIST_ BIT,
    EXECUTION_ BIGINT,
    TASK_ BIGINT,
    LOB_ BIGINT,
    DATE_VALUE_ TIMESTAMP,
    DOUBLE_VALUE_ DOUBLE,
    CLASSNAME_ VARCHAR(255),
    LONG_VALUE_ BIGINT,
    STRING_VALUE_ VARCHAR(255),
    TEXT_VALUE_ LONGVARCHAR,
    EXESYS_ BIGINT
);
ALTER TABLE PUBLIC.JBPM4_VARIABLE ADD CONSTRAINT PUBLIC.CONSTRAINT_80 PRIMARY KEY(DBID_);
-- 3 +/- SELECT COUNT(*) FROM PUBLIC.JBPM4_VARIABLE;
INSERT INTO PUBLIC.JBPM4_VARIABLE(DBID_, CLASS_, DBVERSION_, KEY_, CONVERTER_, HIST_, EXECUTION_, TASK_, LOB_, DATE_VALUE_, DOUBLE_VALUE_, CLASSNAME_, LONG_VALUE_, STRING_VALUE_, TEXT_VALUE_, EXESYS_) VALUES
(520037, 'string', 1, 'content', NULL, FALSE, 520036, NULL, NULL, NULL, NULL, NULL, NULL, 'good', NULL, NULL),
(520041, 'string', 2, 'content', NULL, FALSE, 520040, NULL, NULL, NULL, NULL, NULL, NULL, 'giveup', NULL, NULL),
(520045, 'string', 0, 'content', NULL, FALSE, 520044, NULL, NULL, NULL, NULL, NULL, NULL, 'bad', NULL, NULL);
CREATE INDEX PUBLIC.IDX_VAR_EXESYS ON PUBLIC.JBPM4_VARIABLE(EXESYS_);
CREATE INDEX PUBLIC.IDX_VAR_TASK ON PUBLIC.JBPM4_VARIABLE(TASK_);
CREATE INDEX PUBLIC.IDX_VAR_EXECUTION ON PUBLIC.JBPM4_VARIABLE(EXECUTION_);
CREATE INDEX PUBLIC.IDX_VAR_LOB ON PUBLIC.JBPM4_VARIABLE(LOB_);
ALTER TABLE PUBLIC.JBPM4_EXECUTION ADD CONSTRAINT PUBLIC.CONSTRAINT_58 UNIQUE(ID_);
ALTER TABLE PUBLIC.JBPM4_HIST_VAR ADD CONSTRAINT PUBLIC.FK_HVAR_HPROCI FOREIGN KEY(HPROCI_) REFERENCES PUBLIC.JBPM4_HIST_PROCINST(DBID_) NOCHECK;
ALTER TABLE PUBLIC.JBPM4_ID_GROUP ADD CONSTRAINT PUBLIC.FK_GROUP_PARENT FOREIGN KEY(PARENT_) REFERENCES PUBLIC.JBPM4_ID_GROUP(DBID_) NOCHECK;
ALTER TABLE PUBLIC.JBPM4_EXECUTION ADD CONSTRAINT PUBLIC.FK_EXEC_SUBPI FOREIGN KEY(SUBPROCINST_) REFERENCES PUBLIC.JBPM4_EXECUTION(DBID_) NOCHECK;
ALTER TABLE PUBLIC.JBPM4_HIST_ACTINST ADD CONSTRAINT PUBLIC.FK_HTI_HTASK FOREIGN KEY(HTASK_) REFERENCES PUBLIC.JBPM4_HIST_TASK(DBID_) NOCHECK;
ALTER TABLE PUBLIC.JBPM4_HIST_VAR ADD CONSTRAINT PUBLIC.FK_HVAR_HTASK FOREIGN KEY(HTASK_) REFERENCES PUBLIC.JBPM4_HIST_TASK(DBID_) NOCHECK;
ALTER TABLE PUBLIC.JBPM4_EXECUTION ADD CONSTRAINT PUBLIC.FK_EXEC_INSTANCE FOREIGN KEY(INSTANCE_) REFERENCES PUBLIC.JBPM4_EXECUTION(DBID_) NOCHECK;
ALTER TABLE PUBLIC.JBPM4_LOB ADD CONSTRAINT PUBLIC.FK_LOB_DEPLOYMENT FOREIGN KEY(DEPLOYMENT_) REFERENCES PUBLIC.JBPM4_DEPLOYMENT(DBID_) NOCHECK;
ALTER TABLE PUBLIC.JBPM4_HIST_TASK ADD CONSTRAINT PUBLIC.FK_HSUPERT_SUB FOREIGN KEY(SUPERTASK_) REFERENCES PUBLIC.JBPM4_HIST_TASK(DBID_) NOCHECK;
ALTER TABLE PUBLIC.JBPM4_TASK ADD CONSTRAINT PUBLIC.FK_TASK_SWIML FOREIGN KEY(SWIMLANE_) REFERENCES PUBLIC.JBPM4_SWIMLANE(DBID_) NOCHECK;
ALTER TABLE PUBLIC.JBPM4_DEPLOYPROP ADD CONSTRAINT PUBLIC.FK_DEPLPROP_DEPL FOREIGN KEY(DEPLOYMENT_) REFERENCES PUBLIC.JBPM4_DEPLOYMENT(DBID_) NOCHECK;
ALTER TABLE PUBLIC.JBPM4_VARIABLE ADD CONSTRAINT PUBLIC.FK_VAR_EXESYS FOREIGN KEY(EXESYS_) REFERENCES PUBLIC.JBPM4_EXECUTION(DBID_) NOCHECK;
ALTER TABLE PUBLIC.JBPM4_HIST_DETAIL ADD CONSTRAINT PUBLIC.FK_HDETAIL_HPROCI FOREIGN KEY(HPROCI_) REFERENCES PUBLIC.JBPM4_HIST_PROCINST(DBID_) NOCHECK;
ALTER TABLE PUBLIC.JBPM4_HIST_DETAIL ADD CONSTRAINT PUBLIC.FK_HDETAIL_HVAR FOREIGN KEY(HVAR_) REFERENCES PUBLIC.JBPM4_HIST_VAR(DBID_) NOCHECK;
ALTER TABLE PUBLIC.JBPM4_VARIABLE ADD CONSTRAINT PUBLIC.FK_VAR_LOB FOREIGN KEY(LOB_) REFERENCES PUBLIC.JBPM4_LOB(DBID_) NOCHECK;
ALTER TABLE PUBLIC.JBPM4_TASK ADD CONSTRAINT PUBLIC.FK_TASK_SUPERTASK FOREIGN KEY(SUPERTASK_) REFERENCES PUBLIC.JBPM4_TASK(DBID_) NOCHECK;
ALTER TABLE PUBLIC.JBPM4_PARTICIPATION ADD CONSTRAINT PUBLIC.FK_PART_SWIMLANE FOREIGN KEY(SWIMLANE_) REFERENCES PUBLIC.JBPM4_SWIMLANE(DBID_) NOCHECK;
ALTER TABLE PUBLIC.JBPM4_SWIMLANE ADD CONSTRAINT PUBLIC.FK_SWIMLANE_EXEC FOREIGN KEY(EXECUTION_) REFERENCES PUBLIC.JBPM4_EXECUTION(DBID_) NOCHECK;
ALTER TABLE PUBLIC.JBPM4_HIST_DETAIL ADD CONSTRAINT PUBLIC.FK_HDETAIL_HACTI FOREIGN KEY(HACTI_) REFERENCES PUBLIC.JBPM4_HIST_ACTINST(DBID_) NOCHECK;
ALTER TABLE PUBLIC.JBPM4_ID_MEMBERSHIP ADD CONSTRAINT PUBLIC.FK_MEM_USER FOREIGN KEY(USER_) REFERENCES PUBLIC.JBPM4_ID_USER(DBID_) NOCHECK;
ALTER TABLE PUBLIC.JBPM4_PARTICIPATION ADD CONSTRAINT PUBLIC.FK_PART_TASK FOREIGN KEY(TASK_) REFERENCES PUBLIC.JBPM4_TASK(DBID_) NOCHECK;
ALTER TABLE PUBLIC.JBPM4_JOB ADD CONSTRAINT PUBLIC.FK_JOB_CFG FOREIGN KEY(CFG_) REFERENCES PUBLIC.JBPM4_LOB(DBID_) NOCHECK;
ALTER TABLE PUBLIC.JBPM4_VARIABLE ADD CONSTRAINT PUBLIC.FK_VAR_TASK FOREIGN KEY(TASK_) REFERENCES PUBLIC.JBPM4_TASK(DBID_) NOCHECK;
ALTER TABLE PUBLIC.JBPM4_EXECUTION ADD CONSTRAINT PUBLIC.FK_EXEC_PARENT FOREIGN KEY(PARENT_) REFERENCES PUBLIC.JBPM4_EXECUTION(DBID_) NOCHECK;
ALTER TABLE PUBLIC.JBPM4_HIST_DETAIL ADD CONSTRAINT PUBLIC.FK_HDETAIL_HTASK FOREIGN KEY(HTASK_) REFERENCES PUBLIC.JBPM4_HIST_TASK(DBID_) NOCHECK;
ALTER TABLE PUBLIC.JBPM4_VARIABLE ADD CONSTRAINT PUBLIC.FK_VAR_EXECUTION FOREIGN KEY(EXECUTION_) REFERENCES PUBLIC.JBPM4_EXECUTION(DBID_) NOCHECK;
ALTER TABLE PUBLIC.JBPM4_HIST_ACTINST ADD CONSTRAINT PUBLIC.FK_HACTI_HPROCI FOREIGN KEY(HPROCI_) REFERENCES PUBLIC.JBPM4_HIST_PROCINST(DBID_) NOCHECK;
ALTER TABLE PUBLIC.JBPM4_EXECUTION ADD CONSTRAINT PUBLIC.FK_EXEC_SUPEREXEC FOREIGN KEY(SUPEREXEC_) REFERENCES PUBLIC.JBPM4_EXECUTION(DBID_) NOCHECK;
ALTER TABLE PUBLIC.JBPM4_ID_MEMBERSHIP ADD CONSTRAINT PUBLIC.FK_MEM_GROUP FOREIGN KEY(GROUP_) REFERENCES PUBLIC.JBPM4_ID_GROUP(DBID_) NOCHECK;